<profile version="1.0">
  <option name="myName" value="Default" />
  <inspection_tool class="PyPackageRequirementsInspection" enabled="true" level="WARNING" enabled_by_default="true">
    <option name="ignoredPackages">
      <value>
        <list size="200">
          <item index="0" class="java.lang.String" itemvalue="pyobjc-framework-ColorSync" />
          <item index="1" class="java.lang.String" itemvalue="pyobjc-framework-OSLog" />
          <item index="2" class="java.lang.String" itemvalue="pyobjc-framework-PhotosUI" />
          <item index="3" class="java.lang.String" itemvalue="pyobjc-framework-AddressBook" />
          <item index="4" class="java.lang.String" itemvalue="pyobjc-framework-Security" />
          <item index="5" class="java.lang.String" itemvalue="pyobjc-framework-LocalAuthentication" />
          <item index="6" class="java.lang.String" itemvalue="proglog" />
          <item index="7" class="java.lang.String" itemvalue="pyobjc-framework-FileProvider" />
          <item index="8" class="java.lang.String" itemvalue="pyobjc-framework-LatentSemanticMapping" />
          <item index="9" class="java.lang.String" itemvalue="pyobjc" />
          <item index="10" class="java.lang.String" itemvalue="pyobjc-framework-Photos" />
          <item index="11" class="java.lang.String" itemvalue="pyobjc-framework-SceneKit" />
          <item index="12" class="java.lang.String" itemvalue="pyobjc-framework-DiscRecordingUI" />
          <item index="13" class="java.lang.String" itemvalue="idna" />
          <item index="14" class="java.lang.String" itemvalue="pyobjc-framework-ModelIO" />
          <item index="15" class="java.lang.String" itemvalue="pyobjc-framework-SpriteKit" />
          <item index="16" class="java.lang.String" itemvalue="pyobjc-framework-InstallerPlugins" />
          <item index="17" class="java.lang.String" itemvalue="pyobjc-framework-ExceptionHandling" />
          <item index="18" class="java.lang.String" itemvalue="robotframework" />
          <item index="19" class="java.lang.String" itemvalue="cffi" />
          <item index="20" class="java.lang.String" itemvalue="pyobjc-framework-Metal" />
          <item index="21" class="java.lang.String" itemvalue="pyobjc-framework-ApplicationServices" />
          <item index="22" class="java.lang.String" itemvalue="pyobjc-framework-CoreHaptics" />
          <item index="23" class="java.lang.String" itemvalue="pyee" />
          <item index="24" class="java.lang.String" itemvalue="pyobjc-framework-QuickLookThumbnailing" />
          <item index="25" class="java.lang.String" itemvalue="PyScreeze" />
          <item index="26" class="java.lang.String" itemvalue="pyobjc-framework-PencilKit" />
          <item index="27" class="java.lang.String" itemvalue="pyobjc-framework-GameplayKit" />
          <item index="28" class="java.lang.String" itemvalue="et-xmlfile" />
          <item index="29" class="java.lang.String" itemvalue="python3-xlib" />
          <item index="30" class="java.lang.String" itemvalue="pyobjc-framework-CoreMotion" />
          <item index="31" class="java.lang.String" itemvalue="DBUtils" />
          <item index="32" class="java.lang.String" itemvalue="ruamel_yaml" />
          <item index="33" class="java.lang.String" itemvalue="pyobjc-framework-ScreenSaver" />
          <item index="34" class="java.lang.String" itemvalue="pyjsparser" />
          <item index="35" class="java.lang.String" itemvalue="pyobjc-framework-WebKit" />
          <item index="36" class="java.lang.String" itemvalue="pyobjc-framework-DictionaryServices" />
          <item index="37" class="java.lang.String" itemvalue="SkPy" />
          <item index="38" class="java.lang.String" itemvalue="pyobjc-framework-Network" />
          <item index="39" class="java.lang.String" itemvalue="pyobjc-framework-CoreLocation" />
          <item index="40" class="java.lang.String" itemvalue="captcha" />
          <item index="41" class="java.lang.String" itemvalue="pyobjc-framework-InputMethodKit" />
          <item index="42" class="java.lang.String" itemvalue="pyzmq" />
          <item index="43" class="java.lang.String" itemvalue="astropy" />
          <item index="44" class="java.lang.String" itemvalue="PyExecJS" />
          <item index="45" class="java.lang.String" itemvalue="pyobjc-framework-MediaAccessibility" />
          <item index="46" class="java.lang.String" itemvalue="image" />
          <item index="47" class="java.lang.String" itemvalue="pyobjc-framework-AVKit" />
          <item index="48" class="java.lang.String" itemvalue="AxmlParserPY" />
          <item index="49" class="java.lang.String" itemvalue="robotframework-pythonlibcore" />
          <item index="50" class="java.lang.String" itemvalue="pyobjc-framework-ExecutionPolicy" />
          <item index="51" class="java.lang.String" itemvalue="youtube-dl" />
          <item index="52" class="java.lang.String" itemvalue="pyobjc-framework-PushKit" />
          <item index="53" class="java.lang.String" itemvalue="pyobjc-framework-Quartz" />
          <item index="54" class="java.lang.String" itemvalue="pyobjc-framework-NaturalLanguage" />
          <item index="55" class="java.lang.String" itemvalue="PyTweening" />
          <item index="56" class="java.lang.String" itemvalue="MouseInfo" />
          <item index="57" class="java.lang.String" itemvalue="pyobjc-framework-Accounts" />
          <item index="58" class="java.lang.String" itemvalue="urwid" />
          <item index="59" class="java.lang.String" itemvalue="pyobjc-framework-Contacts" />
          <item index="60" class="java.lang.String" itemvalue="aircv" />
          <item index="61" class="java.lang.String" itemvalue="maproxy" />
          <item index="62" class="java.lang.String" itemvalue="pyobjc-framework-EventKit" />
          <item index="63" class="java.lang.String" itemvalue="pyobjc-framework-NetFS" />
          <item index="64" class="java.lang.String" itemvalue="Backtesting" />
          <item index="65" class="java.lang.String" itemvalue="locust" />
          <item index="66" class="java.lang.String" itemvalue="pyobjc-framework-SecurityFoundation" />
          <item index="67" class="java.lang.String" itemvalue="jupyter-core" />
          <item index="68" class="java.lang.String" itemvalue="pyobjc-framework-AppleScriptKit" />
          <item index="69" class="java.lang.String" itemvalue="llvmlite" />
          <item index="70" class="java.lang.String" itemvalue="pyobjc-framework-GameKit" />
          <item index="71" class="java.lang.String" itemvalue="pyobjc-framework-ScriptingBridge" />
          <item index="72" class="java.lang.String" itemvalue="pyobjc-framework-MediaToolbox" />
          <item index="73" class="java.lang.String" itemvalue="pyobjc-framework-Social" />
          <item index="74" class="java.lang.String" itemvalue="pyobjc-framework-Intents" />
          <item index="75" class="java.lang.String" itemvalue="pyobjc-framework-CoreServices" />
          <item index="76" class="java.lang.String" itemvalue="pyobjc-framework-PreferencePanes" />
          <item index="77" class="java.lang.String" itemvalue="pyobjc-framework-Automator" />
          <item index="78" class="java.lang.String" itemvalue="futures" />
          <item index="79" class="java.lang.String" itemvalue="pyobjc-framework-SoundAnalysis" />
          <item index="80" class="java.lang.String" itemvalue="python-telegram-bot" />
          <item index="81" class="java.lang.String" itemvalue="pyobjc-framework-DeviceCheck" />
          <item index="82" class="java.lang.String" itemvalue="schedule" />
          <item index="83" class="java.lang.String" itemvalue="pyobjc-framework-OpenDirectory" />
          <item index="84" class="java.lang.String" itemvalue="pyobjc-framework-AdSupport" />
          <item index="85" class="java.lang.String" itemvalue="geventhttpclient" />
          <item index="86" class="java.lang.String" itemvalue="PyRect" />
          <item index="87" class="java.lang.String" itemvalue="PySimpleGUI" />
          <item index="88" class="java.lang.String" itemvalue="pyobjc-framework-CoreWLAN" />
          <item index="89" class="java.lang.String" itemvalue="pyobjc-core" />
          <item index="90" class="java.lang.String" itemvalue="pyobjc-framework-SyncServices" />
          <item index="91" class="java.lang.String" itemvalue="PyMsgBox" />
          <item index="92" class="java.lang.String" itemvalue="pyobjc-framework-CoreData" />
          <item index="93" class="java.lang.String" itemvalue="pyobjc-framework-ContactsUI" />
          <item index="94" class="java.lang.String" itemvalue="tables" />
          <item index="95" class="java.lang.String" itemvalue="pyobjc-framework-OSAKit" />
          <item index="96" class="java.lang.String" itemvalue="pyobjc-framework-IOSurface" />
          <item index="97" class="java.lang.String" itemvalue="fake-useragent" />
          <item index="98" class="java.lang.String" itemvalue="imutils" />
          <item index="99" class="java.lang.String" itemvalue="moviepy" />
          <item index="100" class="java.lang.String" itemvalue="pyobjc-framework-Vision" />
          <item index="101" class="java.lang.String" itemvalue="Appium-Python-Client" />
          <item index="102" class="java.lang.String" itemvalue="PyAutoGUI" />
          <item index="103" class="java.lang.String" itemvalue="pyperclip" />
          <item index="104" class="java.lang.String" itemvalue="pyobjc-framework-CoreAudioKit" />
          <item index="105" class="java.lang.String" itemvalue="pyobjc-framework-StoreKit" />
          <item index="106" class="java.lang.String" itemvalue="wsproto" />
          <item index="107" class="java.lang.String" itemvalue="pyobjc-framework-BusinessChat" />
          <item index="108" class="java.lang.String" itemvalue="pyobjc-framework-NotificationCenter" />
          <item index="109" class="java.lang.String" itemvalue="pyobjc-framework-InstantMessage" />
          <item index="110" class="java.lang.String" itemvalue="Random-Word" />
          <item index="111" class="java.lang.String" itemvalue="msgpack" />
          <item index="112" class="java.lang.String" itemvalue="pyobjc-framework-SystemConfiguration" />
          <item index="113" class="java.lang.String" itemvalue="pyobjc-framework-GameCenter" />
          <item index="114" class="java.lang.String" itemvalue="pyobjc-framework-IMServicePlugIn" />
          <item index="115" class="java.lang.String" itemvalue="pyobjc-framework-Cocoa" />
          <item index="116" class="java.lang.String" itemvalue="pyobjc-framework-MapKit" />
          <item index="117" class="java.lang.String" itemvalue="pyobjc-framework-libdispatch" />
          <item index="118" class="java.lang.String" itemvalue="pyobjc-framework-DVDPlayback" />
          <item index="119" class="java.lang.String" itemvalue="backports.shutil-get-terminal-size" />
          <item index="120" class="java.lang.String" itemvalue="pyobjc-framework-VideoToolbox" />
          <item index="121" class="java.lang.String" itemvalue="websocket-client" />
          <item index="122" class="java.lang.String" itemvalue="mkl-fft" />
          <item index="123" class="java.lang.String" itemvalue="pyobjc-framework-ImageCaptureCore" />
          <item index="124" class="java.lang.String" itemvalue="pyobjc-framework-Speech" />
          <item index="125" class="java.lang.String" itemvalue="pyobjc-framework-ServiceManagement" />
          <item index="126" class="java.lang.String" itemvalue="kaitaistruct" />
          <item index="127" class="java.lang.String" itemvalue="pyobjc-framework-NetworkExtension" />
          <item index="128" class="java.lang.String" itemvalue="pyobjc-framework-CryptoTokenKit" />
          <item index="129" class="java.lang.String" itemvalue="Flask-HTTPAuth" />
          <item index="130" class="java.lang.String" itemvalue="opencv-python" />
          <item index="131" class="java.lang.String" itemvalue="pyobjc-framework-SecurityInterface" />
          <item index="132" class="java.lang.String" itemvalue="robotframework-seleniumlibrary" />
          <item index="133" class="java.lang.String" itemvalue="pyobjc-framework-UserNotifications" />
          <item index="134" class="java.lang.String" itemvalue="pyobjc-framework-CoreBluetooth" />
          <item index="135" class="java.lang.String" itemvalue="Django" />
          <item index="136" class="java.lang.String" itemvalue="pyobjc-framework-CoreAudio" />
          <item index="137" class="java.lang.String" itemvalue="pyobjc-framework-FileProviderUI" />
          <item index="138" class="java.lang.String" itemvalue="PyGetWindow" />
          <item index="139" class="java.lang.String" itemvalue="pyobjc-framework-MediaLibrary" />
          <item index="140" class="java.lang.String" itemvalue="selenium-wire" />
          <item index="141" class="java.lang.String" itemvalue="logzero" />
          <item index="142" class="java.lang.String" itemvalue="pyobjc-framework-CoreMediaIO" />
          <item index="143" class="java.lang.String" itemvalue="pyobjc-framework-SearchKit" />
          <item index="144" class="java.lang.String" itemvalue="pyobjc-framework-VideoSubscriberAccount" />
          <item index="145" class="java.lang.String" itemvalue="mkl-random" />
          <item index="146" class="java.lang.String" itemvalue="pyobjc-framework-MediaPlayer" />
          <item index="147" class="java.lang.String" itemvalue="pyobjc-framework-AutomaticAssessmentConfiguration" />
          <item index="148" class="java.lang.String" itemvalue="pyobjc-framework-iTunesLibrary" />
          <item index="149" class="java.lang.String" itemvalue="pyobjc-framework-LaunchServices" />
          <item index="150" class="java.lang.String" itemvalue="pyobjc-framework-CoreMedia" />
          <item index="151" class="java.lang.String" itemvalue="Faker" />
          <item index="152" class="java.lang.String" itemvalue="Js2Py" />
          <item index="153" class="java.lang.String" itemvalue="pyobjc-framework-CloudKit" />
          <item index="154" class="java.lang.String" itemvalue="pyobjc-framework-LinkPresentation" />
          <item index="155" class="java.lang.String" itemvalue="robotframework-selenium2library" />
          <item index="156" class="java.lang.String" itemvalue="rubicon-objc" />
          <item index="157" class="java.lang.String" itemvalue="ffmpeg" />
          <item index="158" class="java.lang.String" itemvalue="pyobjc-framework-CoreText" />
          <item index="159" class="java.lang.String" itemvalue="xlwings" />
          <item index="160" class="java.lang.String" itemvalue="pyobjc-framework-CoreMIDI" />
          <item index="161" class="java.lang.String" itemvalue="pyodbc" />
          <item index="162" class="java.lang.String" itemvalue="pyobjc-framework-FSEvents" />
          <item index="163" class="java.lang.String" itemvalue="pyobjc-framework-MetalKit" />
          <item index="164" class="java.lang.String" itemvalue="APScheduler" />
          <item index="165" class="java.lang.String" itemvalue="pyobjc-framework-AuthenticationServices" />
          <item index="166" class="java.lang.String" itemvalue="pyobjc-framework-MetalPerformanceShaders" />
          <item index="167" class="java.lang.String" itemvalue="pyobjc-framework-AVFoundation" />
          <item index="168" class="java.lang.String" itemvalue="weditor" />
          <item index="169" class="java.lang.String" itemvalue="pyobjc-framework-ExternalAccessory" />
          <item index="170" class="java.lang.String" itemvalue="backports.functools-lru-cache" />
          <item index="171" class="java.lang.String" itemvalue="pyobjc-framework-DiskArbitration" />
          <item index="172" class="java.lang.String" itemvalue="pyobjc-framework-SafariServices" />
          <item index="173" class="java.lang.String" itemvalue="jieba" />
          <item index="174" class="java.lang.String" itemvalue="pyobjc-framework-CFNetwork" />
          <item index="175" class="java.lang.String" itemvalue="imageio-ffmpeg" />
          <item index="176" class="java.lang.String" itemvalue="pyobjc-framework-MultipeerConnectivity" />
          <item index="177" class="java.lang.String" itemvalue="sqlparse" />
          <item index="178" class="java.lang.String" itemvalue="pyobjc-framework-DiscRecording" />
          <item index="179" class="java.lang.String" itemvalue="uiautomator2" />
          <item index="180" class="java.lang.String" itemvalue="colored" />
          <item index="181" class="java.lang.String" itemvalue="pyobjc-framework-FinderSync" />
          <item index="182" class="java.lang.String" itemvalue="pyobjc-framework-Collaboration" />
          <item index="183" class="java.lang.String" itemvalue="pyobjc-framework-CoreML" />
          <item index="184" class="java.lang.String" itemvalue="pyobjc-framework-CoreSpotlight" />
          <item index="185" class="java.lang.String" itemvalue="sseclient-py" />
          <item index="186" class="java.lang.String" itemvalue="pyobjc-framework-AppleScriptObjC" />
          <item index="187" class="java.lang.String" itemvalue="beartype" />
          <item index="188" class="java.lang.String" itemvalue="pytesseract" />
          <item index="189" class="java.lang.String" itemvalue="tidevice" />
          <item index="190" class="java.lang.String" itemvalue="facebook-wda" />
          <item index="191" class="java.lang.String" itemvalue="prometheus-client" />
          <item index="192" class="java.lang.String" itemvalue="simple-tornado" />
          <item index="193" class="java.lang.String" itemvalue="pytube" />
          <item index="194" class="java.lang.String" itemvalue="pyobjc-framework-SystemExtensions" />
          <item index="195" class="java.lang.String" itemvalue="colorama" />
          <item index="196" class="java.lang.String" itemvalue="Flask-BasicAuth" />
          <item index="197" class="java.lang.String" itemvalue="pyobjc-framework-CalendarStore" />
          <item index="198" class="java.lang.String" itemvalue="pyobjc-framework-GameController" />
          <item index="199" class="java.lang.String" itemvalue="google-api-python-client" />
        </list>
      </value>
    </option>
  </inspection_tool>
  <inspection_tool class="PyPep8Inspection" enabled="true" level="WEAK WARNING" enabled_by_default="true">
    <option name="ignoredErrors">
      <list>
        <option value="E501" />
      </list>
    </option>
  </inspection_tool>
  <inspection_tool class="PyUnresolvedReferencesInspection" enabled="true" level="WARNING" enabled_by_default="true">
    <option name="ignoredIdentifiers">
      <list>
        <option value="tests.pageobjects.elements.weline" />
      </list>
    </option>
  </inspection_tool>
</profile>