<application>
  <component name="FileTypeManager" version="18">
    <ignoreFiles list="*$py.class;*.pyc;*.pyo;*.rbc;*.yarb;*~;.DS_Store;.git;.hg;.svn;CVS;__pycache__;_svn;vssver.scc;vssver2.scc" />
    <extensionMap>
      <mapping pattern="int_game_proto" type="AUTO_DETECTED" />
      <mapping pattern="docker_commands.txt" type="AUTO_DETECTED" />
      <mapping pattern="test_data.py" type="AUTO_DETECTED" />
      <mapping ext="ini " type="PLAIN_TEXT" />
      <mapping ext="csv" type="PLAIN_TEXT" />
    </extensionMap>
  </component>
</application>